{
    "name": "root",
    "gauges": {
        "MoveToGoal.Policy.Entropy.mean": {
            "value": 1.4160112142562866,
            "min": 1.4160112142562866,
            "max": 1.4160112142562866,
            "count": 1
        },
        "MoveToGoal.Policy.Entropy.sum": {
            "value": 70984.640625,
            "min": 70984.640625,
            "max": 70984.640625,
            "count": 1
        },
        "MoveToGoal.Environment.EpisodeLength.mean": {
            "value": 30.070186335403726,
            "min": 30.070186335403726,
            "max": 30.070186335403726,
            "count": 1
        },
        "MoveToGoal.Environment.EpisodeLength.sum": {
            "value": 48413.0,
            "min": 48413.0,
            "max": 48413.0,
            "count": 1
        },
        "MoveToGoal.Step.mean": {
            "value": 49986.0,
            "min": 49986.0,
            "max": 49986.0,
            "count": 1
        },
        "MoveToGoal.Step.sum": {
            "value": 49986.0,
            "min": 49986.0,
            "max": 49986.0,
            "count": 1
        },
        "MoveToGoal.Policy.ExtrinsicValueEstimate.mean": {
            "value": 0.8905861973762512,
            "min": 0.8905861973762512,
            "max": 0.8905861973762512,
            "count": 1
        },
        "MoveToGoal.Policy.ExtrinsicValueEstimate.sum": {
            "value": 1575.447021484375,
            "min": 1575.447021484375,
            "max": 1575.447021484375,
            "count": 1
        },
        "MoveToGoal.Environment.CumulativeReward.mean": {
            "value": 0.7779850746268657,
            "min": 0.7779850746268657,
            "max": 0.7779850746268657,
            "count": 1
        },
        "MoveToGoal.Environment.CumulativeReward.sum": {
            "value": 1251.0,
            "min": 1251.0,
            "max": 1251.0,
            "count": 1
        },
        "MoveToGoal.Policy.ExtrinsicReward.mean": {
            "value": 0.7779850746268657,
            "min": 0.7779850746268657,
            "max": 0.7779850746268657,
            "count": 1
        },
        "MoveToGoal.Policy.ExtrinsicReward.sum": {
            "value": 1251.0,
            "min": 1251.0,
            "max": 1251.0,
            "count": 1
        },
        "MoveToGoal.Losses.PolicyLoss.mean": {
            "value": 0.028737931521997474,
            "min": 0.028737931521997474,
            "max": 0.028737931521997474,
            "count": 1
        },
        "MoveToGoal.Losses.PolicyLoss.sum": {
            "value": 0.1149517260879899,
            "min": 0.1149517260879899,
            "max": 0.1149517260879899,
            "count": 1
        },
        "MoveToGoal.Losses.ValueLoss.mean": {
            "value": 0.11885804648821552,
            "min": 0.11885804648821552,
            "max": 0.11885804648821552,
            "count": 1
        },
        "MoveToGoal.Losses.ValueLoss.sum": {
            "value": 0.4754321859528621,
            "min": 0.4754321859528621,
            "max": 0.4754321859528621,
            "count": 1
        },
        "MoveToGoal.Policy.LearningRate.mean": {
            "value": 0.00028460520513159997,
            "min": 0.00028460520513159997,
            "max": 0.00028460520513159997,
            "count": 1
        },
        "MoveToGoal.Policy.LearningRate.sum": {
            "value": 0.0011384208205263999,
            "min": 0.0011384208205263999,
            "max": 0.0011384208205263999,
            "count": 1
        },
        "MoveToGoal.Policy.Epsilon.mean": {
            "value": 0.19486840000000002,
            "min": 0.19486840000000002,
            "max": 0.19486840000000002,
            "count": 1
        },
        "MoveToGoal.Policy.Epsilon.sum": {
            "value": 0.7794736000000001,
            "min": 0.7794736000000001,
            "max": 0.7794736000000001,
            "count": 1
        },
        "MoveToGoal.Policy.Beta.mean": {
            "value": 0.00474393316,
            "min": 0.00474393316,
            "max": 0.00474393316,
            "count": 1
        },
        "MoveToGoal.Policy.Beta.sum": {
            "value": 0.01897573264,
            "min": 0.01897573264,
            "max": 0.01897573264,
            "count": 1
        },
        "MoveToGoal.IsTraining.mean": {
            "value": 1.0,
            "min": 1.0,
            "max": 1.0,
            "count": 1
        },
        "MoveToGoal.IsTraining.sum": {
            "value": 1.0,
            "min": 1.0,
            "max": 1.0,
            "count": 1
        }
    },
    "metadata": {
        "timer_format_version": "0.1.0",
        "start_time_seconds": "1713158626",
        "python_version": "3.9.13 (tags/v3.9.13:6de2ca5, May 17 2022, 16:36:42) [MSC v.1929 64 bit (AMD64)]",
        "command_line_arguments": "C:\\Users\\Admin\\Desktop\\ml-agents-release_21\\Project\\venv\\Scripts\\mlagents-learn --run-id=MoveToGoal2",
        "mlagents_version": "0.30.0",
        "mlagents_envs_version": "0.30.0",
        "communication_protocol_version": "1.5.0",
        "pytorch_version": "2.2.2+cpu",
        "numpy_version": "1.21.2",
        "end_time_seconds": "1713158742"
    },
    "total": 115.2786754,
    "count": 1,
    "self": 0.005274699999986865,
    "children": {
        "run_training.setup": {
            "total": 0.022661900000000124,
            "count": 1,
            "self": 0.022661900000000124
        },
        "TrainerController.start_learning": {
            "total": 115.25073880000001,
            "count": 1,
            "self": 0.1259498999996964,
            "children": {
                "TrainerController._reset_env": {
                    "total": 6.8133704,
                    "count": 1,
                    "self": 6.8133704
                },
                "TrainerController.advance": {
                    "total": 108.23447070000032,
                    "count": 7485,
                    "self": 0.11764950000039676,
                    "children": {
                        "env_step": {
                            "total": 92.32055139999996,
                            "count": 7485,
                            "self": 89.0690341999997,
                            "children": {
                                "SubprocessEnvManager._take_step": {
                                    "total": 3.173721200000145,
                                    "count": 7485,
                                    "self": 0.2612431000002271,
                                    "children": {
                                        "TorchPolicy.evaluate": {
                                            "total": 2.912478099999918,
                                            "count": 4941,
                                            "self": 2.912478099999918
                                        }
                                    }
                                },
                                "workers": {
                                    "total": 0.07779600000011122,
                                    "count": 7484,
                                    "self": 0.0,
                                    "children": {
                                        "worker_root": {
                                            "total": 47.08724309999981,
                                            "count": 7484,
                                            "is_parallel": true,
                                            "self": 26.340927699999696,
                                            "children": {
                                                "steps_from_proto": {
                                                    "total": 0.00027099999999968816,
                                                    "count": 1,
                                                    "is_parallel": true,
                                                    "self": 8.869999999916445e-05,