{
    "name": "root",
    "gauges": {
        "MoveToGoal.Policy.Entropy.mean": {
            "value": 1.4086731672286987,
            "min": 1.4086731672286987,
            "max": 1.4086731672286987,
            "count": 1
        },
        "MoveToGoal.Policy.Entropy.sum": {
            "value": 70553.3984375,
            "min": 70553.3984375,
            "max": 70553.3984375,
            "count": 1
        },
        "MoveToGoal.Environment.EpisodeLength.mean": {
            "value": 21.813868613138688,
            "min": 21.813868613138688,
            "max": 21.813868613138688,
            "count": 1
        },
        "MoveToGoal.Environment.EpisodeLength.sum": {
            "value": 47816.0,
            "min": 47816.0,
            "max": 47816.0,
            "count": 1
        },
        "MoveToGoal.Step.mean": {
            "value": 49994.0,
            "min": 49994.0,
            "max": 49994.0,
            "count": 1
        },
        "MoveToGoal.Step.sum": {
            "value": 49994.0,
            "min": 49994.0,
            "max": 49994.0,
            "count": 1
        },
        "MoveToGoal.Policy.ExtrinsicValueEstimate.mean": {
            "value": 0.1956549435853958,
            "min": 0.1956549435853958,
            "max": 0.1956549435853958,
            "count": 1
        },
        "MoveToGoal.Policy.ExtrinsicValueEstimate.sum": {
            "value": 448.4411315917969,
            "min": 448.4411315917969,
            "max": 448.4411315917969,
            "count": 1
        },
        "MoveToGoal.Environment.CumulativeReward.mean": {
            "value": 0.8096759470561388,
            "min": 0.8096759470561388,
            "max": 0.8096759470561388,
            "count": 1
        },
        "MoveToGoal.Environment.CumulativeReward.sum": {
            "value": 1774.0,
            "min": 1774.0,
            "max": 1774.0,
            "count": 1
        },
        "MoveToGoal.Policy.ExtrinsicReward.mean": {
            "value": 0.8096759470561388,
            "min": 0.8096759470561388,
            "max": 0.8096759470561388,
            "count": 1
        },
        "MoveToGoal.Policy.ExtrinsicReward.sum": {
            "value": 1774.0,
            "min": 1774.0,
            "max": 1774.0,
            "count": 1
        },
        "MoveToGoal.Losses.PolicyLoss.mean": {
            "value": 0.025484098554200803,
            "min": 0.025484098554200803,
            "max": 0.025484098554200803,
            "count": 1
        },
        "MoveToGoal.Losses.PolicyLoss.sum": {
            "value": 0.10193639421680321,
            "min": 0.10193639421680321,
            "max": 0.10193639421680321,
            "count": 1
        },
        "MoveToGoal.Losses.ValueLoss.mean": {
            "value": 0.15041553231421856,
            "min": 0.15041553231421856,
            "max": 0.15041553231421856,
            "count": 1
        },
        "MoveToGoal.Losses.ValueLoss.sum": {
            "value": 0.6016621292568742,
            "min": 0.6016621292568742,
            "max": 0.6016621292568742,
            "count": 1
        },
        "MoveToGoal.Policy.LearningRate.mean": {
            "value": 0.00028459155513615,
            "min": 0.00028459155513615,
            "max": 0.00028459155513615,
            "count": 1
        },
        "MoveToGoal.Policy.LearningRate.sum": {
            "value": 0.0011383662205446,
            "min": 0.0011383662205446,
            "max": 0.0011383662205446,
            "count": 1
        },
        "MoveToGoal.Policy.Epsilon.mean": {
            "value": 0.19486384999999998,
            "min": 0.19486384999999998,
            "max": 0.19486384999999998,
            "count": 1
        },
        "MoveToGoal.Policy.Epsilon.sum": {
            "value": 0.7794553999999999,
            "min": 0.7794553999999999,
            "max": 0.7794553999999999,
            "count": 1
        },
        "MoveToGoal.Policy.Beta.mean": {
            "value": 0.004743706114999999,
            "min": 0.004743706114999999,
            "max": 0.004743706114999999,
            "count": 1
        },
        "MoveToGoal.Policy.Beta.sum": {
            "value": 0.018974824459999998,
            "min": 0.018974824459999998,
            "max": 0.018974824459999998,
            "count": 1
        },
        "MoveToGoal.IsTraining.mean": {
            "value": 1.0,
            "min": 1.0,
            "max": 1.0,
            "count": 1
        },
        "MoveToGoal.IsTraining.sum": {
            "value": 1.0,
            "min": 1.0,
            "max": 1.0,
            "count": 1
        }
    },
    "metadata": {
        "timer_format_version": "0.1.0",
        "start_time_seconds": "1713157926",
        "python_version": "3.9.13 (tags/v3.9.13:6de2ca5, May 17 2022, 16:36:42) [MSC v.1929 64 bit (AMD64)]",
        "command_line_arguments": "C:\\Users\\Admin\\Desktop\\ml-agents-release_21\\Project\\venv\\Scripts\\mlagents-learn --run-id=Test2Real",
        "mlagents_version": "0.30.0",
        "mlagents_envs_version": "0.30.0",
        "communication_protocol_version": "1.5.0",
        "pytorch_version": "2.2.2+cpu",
        "numpy_version": "1.21.2",
        "end_time_seconds": "1713158032"
    },
    "total": 105.52042850000001,
    "count": 1,
    "self": 0.005500400000002514,
    "children": {
        "run_training.setup": {
            "total": 0.02138630000000008,
            "count": 1,
            "self": 0.02138630000000008
        },
        "TrainerController.start_learning": {
            "total": 105.4935418,
            "count": 1,
            "self": 0.10381459999985054,
            "children": {
                "TrainerController._reset_env": {
                    "total": 6.8556742999999996,
                    "count": 1,
                    "self": 6.8556742999999996
                },
                "TrainerController.advance": {
                    "total": 98.44882270000014,
                    "count": 5467,
                    "self": 0.09710970000033115,
                    "children": {
                        "env_step": {
                            "total": 86.50086089999976,
                            "count": 5467,
                            "self": 83.95355889999976,
                            "children": {
                                "SubprocessEnvManager._take_step": {
                                    "total": 2.4858238999999056,
                                    "count": 5467,
                                    "self": 0.21869749999993537,
                                    "children": {
                                        "TorchPolicy.evaluate": {
                                            "total": 2.2671263999999702,
                                            "count": 3617,
                                            "self": 2.2671263999999702
                                        }
                                    }
                                },
                                "workers": {
                                    "total": 0.06147810000009635,
                                    "count": 5466,
                                    "self": 0.0,
                                    "children": {
                                        "worker_root": {
                                            "total": 37.117647399999946,
                                            "count": 5466,
                                            "is_parallel": true,
                                            "self": 20.301404500000064,
                                            "children": {
                                                "steps_from_proto": {
                                                    "total": 0.00030250000000009436,
                                                    "count": 1,
                                                    "is_parallel": true,
                                                    "self": 9.780000000070288e-05,