{
    "name": "root",
    "gauges": {
        "MoveToGoal.Policy.Entropy.mean": {
            "value": 1.3965362310409546,
            "min": 1.3965362310409546,
            "max": 1.3965362310409546,
            "count": 1
        },
        "MoveToGoal.Policy.Entropy.sum": {
            "value": 13993.29296875,
            "min": 13993.29296875,
            "max": 13993.29296875,
            "count": 1
        },
        "MoveToGoal.Environment.EpisodeLength.mean": {
            "value": 3.7467994310099573,
            "min": 3.7467994310099573,
            "max": 3.7467994310099573,
            "count": 1
        },
        "MoveToGoal.Environment.EpisodeLength.sum": {
            "value": 7902.0,
            "min": 7902.0,
            "max": 7902.0,
            "count": 1
        },
        "MoveToGoal.Step.mean": {
            "value": 9999.0,
            "min": 9999.0,
            "max": 9999.0,
            "count": 1
        },
        "MoveToGoal.Step.sum": {
            "value": 9999.0,
            "min": 9999.0,
            "max": 9999.0,
            "count": 1
        },
        "MoveToGoal.Policy.ExtrinsicValueEstimate.mean": {
            "value": 0.9672566056251526,
            "min": 0.9672566056251526,
            "max": 0.9672566056251526,
            "count": 1
        },
        "MoveToGoal.Policy.ExtrinsicValueEstimate.sum": {
            "value": 2043.813232421875,
            "min": 2043.813232421875,
            "max": 2043.813232421875,
            "count": 1
        },
        "MoveToGoal.Environment.CumulativeReward.mean": {
            "value": 0.9914489311163895,
            "min": 0.9914489311163895,
            "max": 0.9914489311163895,
            "count": 1
        },
        "MoveToGoal.Environment.CumulativeReward.sum": {
            "value": 2087.0,
            "min": 2087.0,
            "max": 2087.0,
            "count": 1
        },
        "MoveToGoal.Policy.ExtrinsicReward.mean": {
            "value": 0.9914489311163895,
            "min": 0.9914489311163895,
            "max": 0.9914489311163895,
            "count": 1
        },
        "MoveToGoal.Policy.ExtrinsicReward.sum": {
            "value": 2087.0,
            "min": 2087.0,
            "max": 2087.0,
            "count": 1
        },
        "MoveToGoal.Losses.PolicyLoss.mean": {
            "value": 0.24234648659994462,
            "min": 0.24234648659994462,
            "max": 0.24234648659994462,
            "count": 1
        },
        "MoveToGoal.Losses.PolicyLoss.sum": {
            "value": 21.56883730739507,
            "min": 21.56883730739507,
            "max": 21.56883730739507,
            "count": 1
        },
        "MoveToGoal.Losses.ValueLoss.mean": {
            "value": 0.02608419760210508,
            "min": 0.02608419760210508,
            "max": 0.02608419760210508,
            "count": 1
        },
        "MoveToGoal.Losses.ValueLoss.sum": {
            "value": 2.3214935865873523,
            "min": 2.3214935865873523,
            "max": 2.3214935865873523,
            "count": 1
        },
        "MoveToGoal.Policy.LearningRate.mean": {
            "value": 0.0002968721268853213,
            "min": 0.0002968721268853213,
            "max": 0.0002968721268853213,
            "count": 1
        },
        "MoveToGoal.Policy.LearningRate.sum": {
            "value": 0.026421619292793595,
            "min": 0.026421619292793595,
            "max": 0.026421619292793595,
            "count": 1
        },
        "MoveToGoal.Policy.Epsilon.mean": {
            "value": 0.19895737528089888,
            "min": 0.19895737528089888,
            "max": 0.19895737528089888,
            "count": 1
        },
        "MoveToGoal.Policy.Epsilon.sum": {
            "value": 17.7072064,
            "min": 17.7072064,
            "max": 17.7072064,
            "count": 1
        },
        "MoveToGoal.Policy.Beta.mean": {
            "value": 0.0005000000000000001,
            "min": 0.0005000000000000001,
            "max": 0.0005000000000000001,
            "count": 1
        },
        "MoveToGoal.Policy.Beta.sum": {
            "value": 0.04450000000000001,
            "min": 0.04450000000000001,
            "max": 0.04450000000000001,
            "count": 1
        },
        "MoveToGoal.IsTraining.mean": {
            "value": 1.0,
            "min": 1.0,
            "max": 1.0,
            "count": 1
        },
        "MoveToGoal.IsTraining.sum": {
            "value": 1.0,
            "min": 1.0,
            "max": 1.0,
            "count": 1
        }
    },
    "metadata": {
        "timer_format_version": "0.1.0",
        "start_time_seconds": "1713158874",
        "python_version": "3.9.13 (tags/v3.9.13:6de2ca5, May 17 2022, 16:36:42) [MSC v.1929 64 bit (AMD64)]",
        "command_line_arguments": "C:\\Users\\Admin\\Desktop\\ml-agents-release_21\\Project\\venv\\Scripts\\mlagents-learn Assets/config/MoveToGoal.yaml --run-id=TestParameters",
        "mlagents_version": "0.30.0",
        "mlagents_envs_version": "0.30.0",
        "communication_protocol_version": "1.5.0",
        "pytorch_version": "2.2.2+cpu",
        "numpy_version": "1.21.2",
        "end_time_seconds": "1713158991"
    },
    "total": 117.57101469999999,
    "count": 1,
    "self": 0.006073099999994724,
    "children": {
        "run_training.setup": {
            "total": 0.07237790000000022,
            "count": 1,
            "self": 0.07237790000000022
        },
        "TrainerController.start_learning": {
            "total": 117.49256369999999,
            "count": 1,
            "self": 0.04513980000005802,
            "children": {
                "TrainerController._reset_env": {
                    "total": 18.1074412,
                    "count": 1,
                    "self": 18.1074412
                },
                "TrainerController.advance": {
                    "total": 99.26383319999994,
                    "count": 1913,
                    "self": 0.038100199999917095,
                    "children": {
                        "env_step": {
                            "total": 71.837703,
                            "count": 1913,
                            "self": 71.02717030000018,
                            "children": {
                                "SubprocessEnvManager._take_step": {
                                    "total": 0.789839599999798,
                                    "count": 1913,
                                    "self": 0.07576329999993803,
                                    "children": {
                                        "TorchPolicy.evaluate": {
                                            "total": 0.71407629999986,
                                            "count": 1217,
                                            "self": 0.71407629999986
                                        }
                                    }
                                },
                                "workers": {
                                    "total": 0.020693100000027442,
                                    "count": 1912,
                                    "self": 0.0,
                                    "children": {
                                        "worker_root": {
                                            "total": 37.92768359999995,
                                            "count": 1912,
                                            "is_parallel": true,
                                            "self": 31.008305900000067,
                                            "children": {
                                                "steps_from_proto": {
                                                    "total": 0.00032460000000256173,
                                                    "count": 1,
                                                    "is_parallel": true,
                                                    "self": 9.870000000233858e-05,